[
  {
    "dimension": {
      "f_135804_": "minecraft",
      "f_135805_": "overworld"
    },
    "id": "3804acb8-c6f0-4de0-8255-23b29abbee41",
    "ownerID": "1f87801b-581b-3eea-b08c-20044e5c90e6",
    "pos": {
      "f_123285_": 2996,
      "f_123286_": 78,
      "f_123289_": 7956
    },
    "type": 1
  },
  {
    "dimension": {
      "f_135804_": "minecraft",
      "f_135805_": "overworld"
    },
    "id": "6ceb8c93-2bda-465d-8057-9b5d84839cb8",
    "ownerID": "5d6268d0-e67a-347e-96bd-2de297ad4896",
    "pos": {
      "f_123285_": 5564,
      "f_123286_": 117,
      "f_123289_": 6586
    },
    "type": 0
  },
  {
    "dimension": {
      "f_135804_": "minecraft",
      "f_135805_": "overworld"
    },
    "id": "6e3c684f-25dd-4a56-848e-391670550362",
    "ownerID": "1f87801b-581b-3eea-b08c-20044e5c90e6",
    "pos": {
      "f_123285_": 3886,
      "f_123286_": 117,
      "f_123289_": -6230
    },
    "type": 0
  },
  {
    "dimension": {
      "f_135804_": "minecraft",
      "f_135805_": "overworld"
    },
    "id": "c4a6dd56-ffd4-487e-9728-210e0f5103f4",
    "ownerID": "1f87801b-581b-3eea-b08c-20044e5c90e6",
    "pos": {
      "f_123285_": 444,
      "f_123286_": 63,
      "f_123289_": -3707
    },
    "type": 1
  },
  {
    "dimension": {
      "f_135804_": "minecraft",
      "f_135805_": "overworld"
    },
    "id": "4ea5883b-3924-4afa-ad3c-10564a7ef555",
    "ownerID": "8f01b0bb-c1c8-3046-bfa0-f484ba997b83",
    "pos": {
      "f_123285_": 4740,
      "f_123286_": 66,
      "f_123289_": -7772
    },
    "type": 0
  }
]