{"stats":{"minecraft:custom":{"enigmaticlegacy:play_time_with_seven_curses":40663,"lootr:looted_stat":5,"minecraft:mob_kills":17,"enigmaticlegacy:play_time_without_seven_curses":23769,"minecraft:interact_with_crafting_table":4,"minecraft:damage_dealt_resisted":1337,"minecraft:leave_game":1,"minecraft:time_since_death":1453,"minecraft:climb_one_cm":236,"minecraft:damage_resisted":0,"minecraft:time_since_rest":1494,"minecraft:waystone_activated":1,"minecraft:sprint_one_cm":54100,"minecraft:damage_taken":2470,"minecraft:walk_one_cm":85177,"minecraft:drop":18,"minecraft:damage_dealt":8249,"minecraft:damage_dealt_absorbed":362,"minecraft:swim_one_cm":1661,"minecraft:fly_one_cm":154683,"minecraft:player_kills":1,"minecraft:crouch_one_cm":26928,"minecraft:play_time":68832,"minecraft:deaths":10,"minecraft:sneak_time":5279,"minecraft:walk_under_water_one_cm":188,"minecraft:jump":394,"minecraft:walk_on_water_one_cm":1580,"minecraft:total_world_time":68832,"minecraft:fall_one_cm":10452},"minecraft:broken":{"magistuarmory:rustedcrusader_boots":1,"minecraft:leather_boots":1},"minecraft:killed":{"minecraft:parrot":2,"bloodandmadness:church_doctor":1,"irons_spellbooks:summoned_zombie":2,"alexsmobs:anaconda":1,"minecraft:phantom":2,"minecraft:zombie":4,"bloodandmadness:beast_patient":2,"riskofrain_mobs:stone_golem_entity":1,"alexsmobs:fly":1},"minecraft:used":{"minecraft:netherite_sword":11,"minecraft:bundle":1,"minecraft:blackstone":2,"minecraft:player_head":4,"minecraft:crafting_table":1,"bonfires:coiled_sword":10,"minecraft:apple":2,"minecraft:iron_block":1,"minecraft:iron_axe":5,"minecraft:bread":10,"minecraft:stone_bricks":1,"bloodandmadness:eggs/wither_spawn_egg":1,"alexsmobs:animal_dictionary":1,"minecraft:experience_bottle":2},"minecraft:dropped":{"minecraft:bread":16,"minecraft:player_head":4,"ava:large_pistol_magazine":64,"minecraft:apple":20,"simplybackpacks:commonbackpack":1,"vampiresneedumbrellas:iron_umbrella":1,"enigmaticlegacy:enigmatic_eye":2,"simplyswords:iron_scythe":1,"minecraft:leather_boots":1,"simplyswords:iron_warglaive":2,"ava:fn57_snowfall":1},"minecraft:killed_by":{"riskofrain_mobs:stone_golem_entity":1,"minecraft:player":2,"minecraft:wolf":1,"minecraft:zombified_piglin":1,"minecraft:drowned":1},"minecraft:mined":{"biomesoplenty:watergrass":3,"minecraft:spruce_leaves":3,"minecraft:fire":3,"minecraft:spruce_log":1,"minecraft:grass":2,"minecraft:sculk_shrieker":2,"minecraft:fern":2},"minecraft:crafted":{"minecraft:crafting_table":1,"minecraft:spruce_planks":4,"simplyswords:iron_scythe":2},"minecraft:picked_up":{"vampiresneedumbrellas:iron_umbrella":1,"minecraft:feather":2,"minecraft:redstone_block":1,"minecraft:potato":1,"ava:large_pistol_magazine":64,"simplybackpacks:commonbackpack":1,"minecraft:iron_axe":1,"minecraft:leather_boots":1,"minecraft:item_frame":4,"minecraft:zombie_head":4,"minecraft:blackstone":3,"nyfsbp:moon_banner_pattern":1,"minecraft:apple":20,"bloodandmadness:blood_vial":2,"simplyswords:iron_warglaive":2,"minecraft:iron_ingot":2,"minecraft:player_head":2,"minecraft:phantom_membrane":5,"ava:fn57_snowfall":1,"apotheosis:gem":4,"minecraft:spruce_stairs":1,"minecraft:trident":1,"minecraft:spruce_log":1,"minecraft:carrot":1,"magistuarmory:rustedchainmail_helmet":1,"minecraft:rotten_flesh":27,"minecraft:diamond":1,"magistuarmory:rustedcrusader_boots":1,"minecraft:bread":16,"alexsmobs:maggot":3}},"DataVersion":3465}