{"stats":{"minecraft:killed":{"born_in_chaos_v1:maggot":2,"minecraft:skeleton":7,"minecraft:zombie":1,"minecraft:llama":4},"minecraft:killed_by":{"minecraft:skeleton":7},"minecraft:custom":{"minecraft:interact_with_furnace":1,"minecraft:mob_kills":14,"minecraft:interact_with_crafting_table":3,"minecraft:bell_ring":1,"minecraft:leave_game":6,"minecraft:time_since_death":13429,"minecraft:sleep_in_bed":2,"minecraft:climb_one_cm":5184,"minecraft:time_since_rest":13497,"minecraft:sprint_one_cm":84340,"minecraft:damage_taken":3065,"minecraft:walk_one_cm":78170,"minecraft:drop":59,"minecraft:damage_dealt":2538,"minecraft:talked_to_villager":1,"minecraft:fly_one_cm":105395,"minecraft:open_chest":8,"minecraft:play_time":31042,"minecraft:crouch_one_cm":6732,"minecraft:deaths":8,"minecraft:sneak_time":2080,"minecraft:jump":712,"minecraft:total_world_time":31042,"minecraft:fall_one_cm":21809},"minecraft:mined":{"minecraft:spruce_planks":2,"minecraft:brewing_stand":2,"gravestone:gravestone":8,"minecraft:dark_oak_wood":1,"minecraft:oak_wood":4,"minecraft:grass_block":15,"minecraft:jungle_planks":1,"minecraft:chest":2,"minecraft:spruce_leaves":17,"minecraft:cyan_bed":1,"minecraft:oak_planks":4,"minecraft:cyan_wool":9,"minecraft:birch_planks":2,"minecraft:iron_ore":19,"minecraft:spruce_log":5,"minecraft:stripped_oak_wood":2,"minecraft:grass":1,"minecraft:bookshelf":2,"minecraft:dirt":1,"lucky:lucky_block":5,"minecraft:stone_bricks":1,"minecraft:stone":4,"minecraft:oak_leaves":3},"minecraft:crafted":{"minecraft:oak_planks":24,"minecraft:crafting_table":2,"minecraft:spruce_planks":20,"minecraft:iron_axe":1,"minecraft:stick":4,"minecraft:iron_pickaxe":1,"minecraft:dark_oak_planks":4},"minecraft:dropped":{"minecraft:iron_sword":1,"minecraft:brown_dye":1,"minecraft:black_dye":1,"minecraft:birch_planks":1,"minecraft:orange_dye":1,"minecraft:lapis_lazuli":2,"minecraft:pink_dye":3,"minecraft:cyan_dye":3,"minecraft:cobblestone":1,"minecraft:rotten_flesh":1,"minecraft:lime_dye":2,"minecraft:tropical_fish":1,"minecraft:purple_dye":4,"minecraft:filled_map":1,"minecraft:light_blue_dye":2,"minecraft:dirt":1,"minecraft:tipped_arrow":2,"minecraft:yellow_dye":4,"minecraft:green_dye":6,"minecraft:rose_bush":3,"minecraft:leather_boots":1,"minecraft:oak_sapling":11,"minecraft:gold_nugget":1,"minecraft:spider_eye":1,"gravestone:obituary":14,"minecraft:stone_bricks":1,"minecraft:light_gray_dye":4,"minecraft:wither_rose":2,"minecraft:white_dye":1,"minecraft:blue_orchid":1,"minecraft:red_dye":1,"minecraft:magenta_dye":3,"minecraft:bone":2,"minecraft:dark_oak_planks":4,"minecraft:gray_dye":2,"minecraft:spruce_sapling":2,"minecraft:dandelion":2},"minecraft:picked_up":{"born_in_chaos_v1:corpse_maggot":1,"minecraft:purple_dye":4,"minecraft:magma_cream":2,"minecraft:nether_wart":1,"minecraft:leather":4,"minecraft:yellow_dye":4,"minecraft:filled_map":1,"minecraft:birch_planks":2,"minecraft:wither_rose":2,"minecraft:magenta_dye":3,"minecraft:light_gray_dye":4,"gravestone:obituary":9,"minecraft:brewing_stand":2,"minecraft:dirt":16,"minecraft:iron_leggings":1,"minecraft:bone":2,"minecraft:apple":2,"minecraft:stone_bricks":1,"minecraft:bow":1,"minecraft:gold_nugget":1,"mysticalagriculture:inferium_essence":2,"minecraft:spruce_planks":2,"minecraft:light_blue_dye":2,"minecraft:iron_ingot":3,"minecraft:red_dye":1,"minecraft:ender_eye":1,"minecraft:cyan_wool":9,"minecraft:stripped_oak_wood":2,"minecraft:chest":2,"minecraft:iron_sword":3,"minecraft:oak_planks":4,"minecraft:ghast_tear":3,"minecraft:iron_boots":1,"minecraft:green_dye":6,"minecraft:book":6,"minecraft:tipped_arrow":2,"minecraft:raw_iron":19,"minecraft:orange_dye":1,"minecraft:dandelion":1,"minecraft:gray_dye":2,"minecraft:jungle_planks":1,"minecraft:white_dye":1,"minecraft:spruce_sapling":4,"minecraft:fermented_spider_eye":3,"minecraft:spruce_log":5,"minecraft:cyan_bed":1,"minecraft:brown_dye":1,"minecraft:spider_eye":1,"minecraft:dark_oak_planks":3,"minecraft:black_dye":1,"minecraft:oak_wood":4,"minecraft:lime_dye":2,"minecraft:arrow":8,"minecraft:rotten_flesh":1,"minecraft:tropical_fish":2,"minecraft:glistering_melon_slice":2,"minecraft:saddle":1,"minecraft:gold_ingot":14,"minecraft:emerald":3,"minecraft:cyan_dye":3,"minecraft:blaze_rod":1,"minecraft:oak_sapling":7,"minecraft:dark_oak_wood":1,"minecraft:obsidian":4,"minecraft:iron_bars":1,"minecraft:pink_dye":3,"minecraft:blaze_powder":1,"minecraft:cobblestone":4,"minecraft:ender_pearl":4},"minecraft:used":{"minecraft:iron_bars":1,"minecraft:birch_planks":1,"minecraft:oak_planks":15,"minecraft:spruce_planks":22,"minecraft:iron_sword":29,"minecraft:leather_boots":1,"minecraft:dirt":15,"minecraft:crafting_table":2,"minecraft:jungle_planks":1,"minecraft:dark_oak_planks":1,"minecraft:apple":15,"minecraft:bread":9,"minecraft:cyan_bed":1,"minecraft:iron_pickaxe":29,"minecraft:iron_axe":22,"minecraft:spruce_sapling":2,"minecraft:cobblestone":3,"minecraft:iron_leggings":1}},"DataVersion":3465}