{"stats":{"minecraft:used":{"minecraft:bundle":1,"minecraft:bread":1,"minecraft:carrot":1,"minecraft:leather_boots":1},"minecraft:picked_up":{"minecraft:leather_boots":1,"minecraft:stone_sword":1,"minecraft:apple":9,"minecraft:torch":1,"minecraft:bread":7,"minecraft:carrot":10},"minecraft:dropped":{"minecraft:bread":7,"minecraft:apple":9,"minecraft:stone_sword":1,"minecraft:torch":1,"minecraft:leather_boots":1},"minecraft:mined":{"minecraft:grass":1,"regions_unexplored:medium_grass":1,"farmersdelight:wild_carrots":10,"minecraft:oak_leaves":1},"minecraft:custom":{"minecraft:time_since_rest":10064,"minecraft:play_time":10064,"minecraft:crouch_one_cm":22,"lootr:looted_stat":2,"minecraft:sprint_one_cm":22746,"minecraft:walk_one_cm":13098,"minecraft:sneak_time":6,"minecraft:drop":5,"minecraft:jump":257,"minecraft:leave_game":2,"minecraft:time_since_death":10064,"minecraft:walk_on_water_one_cm":409,"minecraft:total_world_time":10064,"minecraft:climb_one_cm":739,"minecraft:hex":0,"minecraft:talked_to_villager":2,"minecraft:fall_one_cm":4313,"minecraft:fly_one_cm":59835}},"DataVersion":3465}