{"stats":{"minecraft:custom":{"minecraft:mob_kills":5,"minecraft:interact_with_crafting_table":2,"minecraft:bell_ring":1,"minecraft:leave_game":4,"minecraft:time_since_death":425,"minecraft:sleep_in_bed":2,"minecraft:climb_one_cm":4214,"minecraft:time_since_rest":1311,"minecraft:sprint_one_cm":62213,"minecraft:damage_taken":2246,"minecraft:walk_one_cm":37160,"minecraft:drop":27,"minecraft:damage_dealt":556,"minecraft:talked_to_villager":1,"minecraft:fly_one_cm":74606,"minecraft:open_chest":8,"minecraft:play_time":17224,"minecraft:deaths":7,"minecraft:sneak_time":27,"minecraft:jump":436,"minecraft:total_world_time":17224,"minecraft:fall_one_cm":10371},"minecraft:crafted":{"minecraft:oak_planks":8,"minecraft:crafting_table":1,"minecraft:iron_axe":1,"minecraft:stick":4,"minecraft:iron_pickaxe":1},"minecraft:picked_up":{"minecraft:purple_dye":4,"minecraft:yellow_dye":4,"minecraft:filled_map":1,"minecraft:magenta_dye":3,"minecraft:light_gray_dye":4,"gravestone:obituary":5,"minecraft:brewing_stand":2,"minecraft:dirt":16,"minecraft:iron_leggings":1,"minecraft:bone":2,"minecraft:apple":2,"minecraft:stone_bricks":1,"minecraft:bow":1,"minecraft:spruce_planks":1,"minecraft:light_blue_dye":2,"minecraft:iron_ingot":3,"minecraft:red_dye":1,"minecraft:stripped_oak_wood":2,"minecraft:chest":2,"minecraft:iron_sword":3,"minecraft:oak_planks":4,"minecraft:iron_boots":1,"minecraft:green_dye":6,"minecraft:book":6,"minecraft:tipped_arrow":1,"minecraft:raw_iron":4,"minecraft:orange_dye":1,"minecraft:dandelion":1,"minecraft:gray_dye":2,"minecraft:white_dye":1,"minecraft:cyan_bed":1,"minecraft:brown_dye":1,"minecraft:black_dye":1,"minecraft:lime_dye":2,"minecraft:arrow":6,"minecraft:emerald":3,"minecraft:gold_ingot":14,"minecraft:saddle":1,"minecraft:cyan_dye":3,"minecraft:oak_sapling":7,"minecraft:obsidian":4,"minecraft:iron_bars":1,"minecraft:pink_dye":3,"minecraft:cobblestone":3,"minecraft:ender_pearl":2},"minecraft:killed_by":{"minecraft:skeleton":6},"minecraft:killed":{"minecraft:skeleton":5},"minecraft:dropped":{"minecraft:iron_sword":1,"minecraft:brown_dye":1,"minecraft:black_dye":1,"minecraft:orange_dye":1,"minecraft:lapis_lazuli":2,"minecraft:pink_dye":3,"minecraft:cyan_dye":3,"minecraft:lime_dye":2,"minecraft:purple_dye":4,"minecraft:filled_map":1,"minecraft:light_blue_dye":2,"minecraft:yellow_dye":4,"minecraft:green_dye":6,"gravestone:obituary":6,"minecraft:stone_bricks":1,"minecraft:light_gray_dye":4,"minecraft:white_dye":1,"minecraft:red_dye":1,"minecraft:magenta_dye":3,"minecraft:gray_dye":2,"minecraft:dandelion":2},"minecraft:used":{"minecraft:oak_planks":4,"minecraft:spruce_planks":1,"minecraft:iron_sword":6,"minecraft:leather_boots":1,"minecraft:dirt":15,"minecraft:crafting_table":1,"minecraft:iron_pickaxe":11,"minecraft:iron_axe":15,"minecraft:bread":9,"minecraft:cyan_bed":1,"minecraft:cobblestone":3},"minecraft:mined":{"minecraft:spruce_planks":1,"minecraft:brewing_stand":2,"gravestone:gravestone":7,"minecraft:grass_block":15,"minecraft:chest":2,"minecraft:spruce_leaves":6,"minecraft:cyan_bed":1,"minecraft:oak_planks":4,"minecraft:iron_ore":4,"minecraft:stripped_oak_wood":2,"minecraft:bookshelf":2,"minecraft:dirt":1,"lucky:lucky_block":2,"minecraft:stone":3,"minecraft:stone_bricks":1}},"DataVersion":3465}