{"stats":{"minecraft:custom":{"minecraft:time_since_rest":1696,"enigmaticlegacy:play_time_with_seven_curses":21415,"lootr:looted_stat":7,"minecraft:sprint_one_cm":13947,"minecraft:damage_taken":2373,"minecraft:walk_one_cm":93387,"minecraft:mob_kills":10,"minecraft:drop":11,"minecraft:damage_dealt":4558,"enigmaticlegacy:play_time_without_seven_curses":11780,"minecraft:damage_dealt_absorbed":240,"minecraft:interact_with_crafting_table":1,"minecraft:fly_one_cm":64872,"minecraft:player_kills":1,"minecraft:crouch_one_cm":42,"minecraft:play_time":33778,"minecraft:deaths":9,"minecraft:sneak_time":152,"minecraft:damage_dealt_resisted":401,"minecraft:jump":232,"minecraft:leave_game":4,"minecraft:time_since_death":1642,"minecraft:total_world_time":33778,"minecraft:fall_one_cm":1446},"minecraft:killed":{"minecraft:zombie":1,"irons_spellbooks:summoned_zombie":2,"minecraft:zombie_villager":1,"irons_spellbooks:necromancer":1,"alexsmobs:rhinoceros":1,"alexsmobs:kangaroo":2,"minecraft:creeper":2},"minecraft:used":{"minecraft:melon_slice":3,"minecraft:bundle":1,"minecraft:iron_axe":8,"simplyswords:iron_warglaive":3,"minecraft:player_head":1,"simplyswords:iron_scythe":10,"minecraft:crafting_table":1,"alexsmobs:animal_dictionary":1},"minecraft:dropped":{"minecraft:bread":11,"minecraft:leather_boots":1,"apotheosis:gem":1,"ava:large_pistol_magazine":64,"minecraft:apple":20,"simplyswords:iron_warglaive":2,"ava:fn57_snowfall":1,"chococraft:gysahl_green":1,"simplybackpacks:commonbackpack":1,"vampiresneedumbrellas:iron_umbrella":1},"minecraft:mined":{"minecraft:player_wall_head":1,"minecraft:spruce_log":1,"minecraft:grass":2,"chococraft:gysahl_green":6,"minecraft:melon":5},"minecraft:killed_by":{"bloodandmadness:beast_patient":1,"minecraft:player":1,"riskofrain_mobs:lemurian_entity":1,"alexsmobs:rhinoceros":1,"minecraft:phantom":1,"minecraft:enderman":1},"minecraft:crafted":{"minecraft:crafting_table":1,"minecraft:iron_nugget":9,"minecraft:spruce_planks":4,"ava:large_pistol_magazine":3,"simplyswords:iron_warglaive":2},"minecraft:picked_up":{"vampiresneedumbrellas:iron_umbrella":1,"chococraft:loverly_gysahl_green":1,"apotheosis:gem":1,"minecraft:creeper_head":2,"rats:charged_creeper_chunk":2,"chococraft:gysahl_green_seeds":6,"minecraft:spruce_log":1,"minecraft:gunpowder":4,"ava:large_pistol_magazine":64,"simplybackpacks:commonbackpack":1,"minecraft:firework_rocket":5,"minecraft:leather_boots":1,"alexsmobs:kangaroo_hide":1,"minecraft:bone":2,"chococraft:gysahl_green":17,"minecraft:apple":20,"simplyswords:iron_scythe":1,"minecraft:player_head":2,"minecraft:bread":11,"minecraft:melon_slice":28,"minecraft:skeleton_skull":1,"alexsmobs:kangaroo_meat":3,"minecraft:bone_block":1,"ava:fn57_snowfall":1}},"DataVersion":3465}