{"stats":{"minecraft:used":{"minecraft:stone_sword":33,"minecraft:bundle":1,"minecraft:stone_pickaxe":16,"minecraft:shield":1,"minecraft:wooden_pickaxe":13,"batsgalore:wither_skull_candy":1,"regions_unexplored:pointed_redstone":1,"minecraft:torch":1,"minecraft:crafting_table":2,"batsgalore:zombie_flesh_lollipop":2,"minecraft:wooden_axe":13},"minecraft:killed":{"minecraft:witch":1,"batsgalore:undead_bat":2,"minecraft:skeleton":1,"minecraft:zombie":3,"batsgalore:wither_skeleton_bat":1},"minecraft:crafted":{"regions_unexplored:palm_planks":12,"minecraft:oak_planks":28,"regions_unexplored:yellow_bioshroom_planks":20,"minecraft:crafting_table":2,"minecraft:wooden_pickaxe":1,"minecraft:stone_pickaxe":1,"minecraft:wooden_axe":1},"minecraft:picked_up":{"regions_unexplored:pointed_redstone":2,"minecraft:crafting_table":1,"regions_unexplored:mycotoxic_grass":5,"minecraft:potato":1,"regions_unexplored:mycotoxic_daisy":1,"minecraft:oak_log":7,"minecraft:gunpowder":2,"minecraft:dirt":18,"minecraft:string":4,"minecraft:leather_boots":1,"minecraft:zombie_head":1,"minecraft:chipped_anvil":1,"minecraft:bone":11,"minecraft:blackstone":4,"minecraft:apple":9,"minecraft:stone_bricks":1,"minecraft:wheat_seeds":5,"minecraft:iron_ingot":2,"minecraft:cobweb":10,"minecraft:mossy_stone_bricks":1,"batsgalore:wither_skull_candy":1,"regions_unexplored:yellow_bioshroom_stem":5,"minecraft:gray_candle":2,"minecraft:polished_andesite_slab":4,"regions_unexplored:bamboo_log":2,"minecraft:black_candle":10,"minecraft:torch":1,"minecraft:amethyst_shard":9,"minecraft:carrot":18,"regions_unexplored:palm_log":3,"minecraft:leather_helmet":1,"graveyard:oak_coffin":3,"mythic_charms:experience_nugget":4,"minecraft:stone_sword":1,"minecraft:white_candle":3,"minecraft:arrow":10,"minecraft:rotten_flesh":18,"regions_unexplored:hanging_earlight_fruit":32,"regions_unexplored:mauve_log":1,"croptopia:orange":3,"minecraft:bone_meal":4,"batsgalore:zombie_flesh_lollipop":2,"minecraft:bread":7,"minecraft:damaged_anvil":1,"minecraft:netherrack":4,"minecraft:skeleton_skull":1,"minecraft:andesite_slab":7,"minecraft:white_wool":22,"minecraft:cobblestone":4},"minecraft:dropped":{"minecraft:bread":7,"minecraft:blackstone":4,"minecraft:wheat_seeds":5,"minecraft:polished_andesite_slab":4,"minecraft:stone_sword":1,"minecraft:andesite_slab":7,"minecraft:cobblestone":1,"minecraft:apple":9,"minecraft:stick":4,"minecraft:cobweb":4,"minecraft:dirt":18,"minecraft:torch":1,"minecraft:skeleton_skull":1,"minecraft:mossy_stone_bricks":1,"regions_unexplored:mycotoxic_daisy":1,"minecraft:leather_boots":1,"minecraft:zombie_head":1,"minecraft:bone_meal":4,"minecraft:stone_bricks":1,"minecraft:wooden_pickaxe":1,"minecraft:string":4},"minecraft:mined":{"regions_unexplored:tall_cobalt_earlight":1,"minecraft:soul_lantern":1,"minecraft:crafting_table":1,"regions_unexplored:mycotoxic_daisy":1,"minecraft:grass_block":4,"regions_unexplored:hanging_earlight":67,"regions_unexplored:yellow_bioshroom_stem":5,"minecraft:andesite_slab":5,"minecraft:tall_grass":1,"minecraft:polished_andesite_slab":3,"regions_unexplored:mauve_log":1,"minecraft:damaged_anvil":1,"regions_unexplored:bamboo_log":2,"graveyard:oak_coffin":5,"regions_unexplored:pointed_redstone":1,"regions_unexplored:hanging_earlight_plant":13,"minecraft:stone_brick_stairs":1,"minecraft:grass":4,"minecraft:oak_log":7,"regions_unexplored:palm_log":3,"minecraft:dirt":7,"minecraft:black_candle":3,"regions_unexplored:clover":1,"regions_unexplored:medium_grass":1,"minecraft:stone_bricks":1,"regions_unexplored:cobalt_nylium":4,"minecraft:stone":4,"minecraft:netherrack":4,"minecraft:mossy_stone_bricks":1,"minecraft:chipped_anvil":1,"minecraft:oak_leaves":2,"regions_unexplored:mycotoxic_grass":5,"minecraft:gray_candle":1},"minecraft:custom":{"lootr:looted_stat":1,"minecraft:mob_kills":8,"minecraft:interact_with_crafting_table":2,"minecraft:damage_dealt_resisted":1300,"minecraft:leave_game":1,"minecraft:time_since_death":7048,"minecraft:climb_one_cm":2176,"minecraft:hex":0,"minecraft:time_since_rest":7075,"minecraft:sprint_one_cm":34676,"minecraft:damage_taken":732,"minecraft:walk_one_cm":88605,"minecraft:damage_blocked_by_shield":70,"minecraft:drop":26,"minecraft:damage_dealt":954,"minecraft:damage_dealt_absorbed":786,"minecraft:fly_one_cm":78746,"minecraft:crouch_one_cm":152,"minecraft:play_time":27187,"minecraft:deaths":3,"minecraft:sneak_time":66,"minecraft:jump":604,"minecraft:walk_on_water_one_cm":9605,"minecraft:total_world_time":27187,"minecraft:fall_one_cm":17507},"minecraft:killed_by":{"minecraft:skeleton":1,"minecraft:zombie":1}},"DataVersion":3465}