{"stats":{"minecraft:used":{"minecraft:apple":10,"minecraft:stone_sword":9,"minecraft:bundle":1,"minecraft:oak_planks":4,"regions_unexplored:peat_dirt":26,"minecraft:spruce_planks":4,"minecraft:dirt":6,"minecraft:potato":3,"regions_unexplored:tall_blue_bioshroom":1,"minecraft:snowball":2},"minecraft:killed":{"minecraft:skeleton":1,"minecraft:player":1},"minecraft:crafted":{"minecraft:oak_planks":8,"minecraft:spruce_planks":4},"minecraft:picked_up":{"minecraft:stick":1,"regions_unexplored:peat_dirt":26,"minecraft:leather_chestplate":1,"regions_unexplored:tall_blue_bioshroom":1,"minecraft:torch":1,"regions_unexplored:silt_dirt":1,"minecraft:potato":3,"regions_unexplored:blue_lupine":1,"minecraft:amethyst_shard":5,"minecraft:oak_log":2,"minecraft:spruce_log":1,"graveyard:small_cyan_urn":1,"minecraft:dirt":6,"minecraft:bone":8,"minecraft:leather_boots":1,"minecraft:stone_sword":1,"minecraft:rotten_flesh":8,"minecraft:apple":13,"minecraft:diamond":2,"minecraft:iron_ingot":4,"minecraft:cobweb":4,"minecraft:bread":7,"minecraft:coal":3,"minecraft:snowball":2},"minecraft:dropped":{"minecraft:bread":7,"minecraft:torch":1,"minecraft:stone_sword":1,"minecraft:leather_boots":1,"minecraft:apple":9},"minecraft:mined":{"regions_unexplored:blue_lupine":1,"minecraft:fire":7,"minecraft:spruce_log":1,"graveyard:skull_pile":1,"minecraft:grass":2,"minecraft:grass_block":1,"minecraft:oak_log":2,"regions_unexplored:peat_dirt":5,"graveyard:leaning_skeleton":1,"regions_unexplored:apple_oak_leaves":2,"minecraft:tall_grass":2,"regions_unexplored:medium_grass":4,"graveyard:small_cyan_urn":1,"minecraft:spruce_leaves":1,"regions_unexplored:silt_grass_block":1,"minecraft:oak_leaves":1,"minecraft:fern":2},"minecraft:custom":{"minecraft:time_since_rest":8760,"lootr:looted_stat":2,"minecraft:sprint_one_cm":92949,"minecraft:damage_taken":761,"minecraft:walk_one_cm":28552,"minecraft:mob_kills":1,"minecraft:drop":5,"minecraft:damage_dealt":232,"minecraft:damage_dealt_absorbed":225,"minecraft:swim_one_cm":9682,"minecraft:fly_one_cm":176637,"minecraft:crouch_one_cm":467,"minecraft:play_time":21876,"minecraft:deaths":2,"minecraft:sneak_time":195,"minecraft:walk_under_water_one_cm":1115,"minecraft:jump":624,"minecraft:damage_dealt_resisted":187,"minecraft:leave_game":3,"minecraft:walk_on_water_one_cm":4264,"minecraft:time_since_death":8710,"minecraft:total_world_time":21876,"minecraft:damage_resisted":17,"minecraft:hex":0,"minecraft:fall_one_cm":20287},"minecraft:killed_by":{"minecraft:player":2}},"DataVersion":3465}