{"stats":{"minecraft:crafted":{"minecraft:crafting_table":1,"minecraft:stick":4,"minecraft:spruce_planks":4,"minecraft:wooden_pickaxe":1},"minecraft:custom":{"minecraft:time_since_rest":11711,"minecraft:sprint_one_cm":78655,"minecraft:damage_taken":2062,"minecraft:walk_one_cm":28481,"minecraft:drop":11,"minecraft:damage_dealt":93,"minecraft:interact_with_crafting_table":2,"minecraft:talked_to_villager":1,"minecraft:fly_one_cm":68296,"minecraft:open_chest":7,"minecraft:crouch_one_cm":887,"minecraft:play_time":29179,"minecraft:deaths":7,"minecraft:bell_ring":4,"minecraft:sneak_time":905,"minecraft:jump":415,"minecraft:walk_on_water_one_cm":1147,"minecraft:time_since_death":11681,"minecraft:sleep_in_bed":2,"minecraft:climb_one_cm":6101,"minecraft:total_world_time":29179,"minecraft:fall_one_cm":8668},"minecraft:picked_up":{"minecraft:crafting_table":1,"minecraft:orange_dye":1,"minecraft:purple_dye":4,"minecraft:lilac":1,"minecraft:yellow_dye":4,"minecraft:dandelion":2,"minecraft:potato":10,"minecraft:filled_map":1,"minecraft:gray_dye":2,"minecraft:jungle_planks":3,"minecraft:white_dye":1,"minecraft:magenta_dye":3,"minecraft:light_gray_dye":4,"gravestone:obituary":3,"minecraft:spruce_log":1,"minecraft:carrot":15,"minecraft:cyan_bed":2,"minecraft:brown_dye":1,"minecraft:lapis_lazuli":2,"minecraft:dirt":14,"minecraft:black_dye":1,"minecraft:arrow":1,"minecraft:bone":2,"minecraft:lime_dye":2,"minecraft:light_blue_dye":2,"minecraft:red_dye":1,"minecraft:cyan_dye":3,"minecraft:iron_sword":1,"minecraft:oak_planks":10,"minecraft:coal":5,"minecraft:pink_dye":3,"minecraft:cobblestone":32,"minecraft:green_dye":6},"minecraft:killed_by":{"minecraft:skeleton":7},"minecraft:dropped":{"minecraft:lilac":1,"gravestone:obituary":10},"minecraft:used":{"minecraft:cyan_bed":2,"minecraft:oak_planks":4,"minecraft:spruce_planks":4,"minecraft:wooden_pickaxe":37,"minecraft:iron_sword":3,"minecraft:dirt":5,"minecraft:crafting_table":1,"minecraft:oak_sapling":4,"minecraft:carrot":11,"minecraft:dandelion":1},"minecraft:mined":{"minecraft:carrots":4,"minecraft:dandelion":1,"minecraft:lilac":1,"minecraft:spruce_log":1,"minecraft:crafting_table":1,"gravestone:gravestone":7,"minecraft:coal_ore":5,"minecraft:grass_block":3,"minecraft:potatoes":3,"minecraft:jungle_planks":3,"minecraft:rose_bush":2,"minecraft:dirt":11,"minecraft:stone":32,"minecraft:spruce_leaves":4,"minecraft:cyan_bed":2,"minecraft:oak_planks":10}},"DataVersion":3465}