{"stats":{"minecraft:custom":{"minecraft:time_since_rest":1323,"enigmaticlegacy:play_time_with_seven_curses":14097,"lootr:looted_stat":7,"minecraft:sprint_one_cm":37973,"minecraft:damage_taken":1708,"minecraft:walk_one_cm":42709,"minecraft:mob_kills":3,"minecraft:drop":8,"minecraft:damage_dealt":3297,"enigmaticlegacy:play_time_without_seven_curses":2395,"minecraft:damage_dealt_absorbed":44,"minecraft:fly_one_cm":55520,"minecraft:player_kills":2,"minecraft:crouch_one_cm":359,"minecraft:play_time":16643,"minecraft:deaths":4,"minecraft:sneak_time":77,"minecraft:jump":249,"minecraft:damage_dealt_resisted":66,"minecraft:leave_game":1,"minecraft:time_since_death":1281,"minecraft:total_world_time":16643,"minecraft:damage_resisted":16,"minecraft:fall_one_cm":4224},"minecraft:killed":{"vampirism:vampire":1,"riskofrain_mobs:stone_golem_entity":2},"minecraft:used":{"minecraft:bundle":1,"minecraft:dark_oak_sign":2,"minecraft:bread":4,"minecraft:player_head":2},"minecraft:dropped":{"minecraft:bread":11,"minecraft:leather_boots":1,"ava:large_pistol_magazine":64,"minecraft:apple":20,"ava:fn57_snowfall":1,"simplybackpacks:commonbackpack":1,"enigmaticlegacy:cursed_ring":1,"vampiresneedumbrellas:iron_umbrella":1},"minecraft:killed_by":{"minecraft:player":1,"riskofrain_mobs:lemurian_entity":2,"minecraft:enderman":1},"minecraft:mined":{"minecraft:fire":1,"biomesoplenty:fir_log":2,"minecraft:wither_rose":7,"minecraft:grass":1,"biomesoplenty:high_grass":1,"biomesoplenty:high_grass_plant":3,"minecraft:cyan_bed":1,"biomesoplenty:dead_grass":1},"minecraft:picked_up":{"vampiresneedumbrellas:iron_umbrella":1,"minecraft:wither_rose":7,"minecraft:cyan_bed":1,"simplybackpacks:commonbackpack":1,"ava:large_pistol_magazine":64,"minecraft:leather_boots":1,"minecraft:blackstone":4,"minecraft:apple":20,"enigmaticlegacy:cursed_ring":1,"minecraft:dark_oak_sign":2,"minecraft:player_head":1,"minecraft:bread":11,"ava:fn57_snowfall":1}},"DataVersion":3465}