{
	"level_seeds": [
		{
			"dim": "minecraft:the_end",
			"seed": 7352036041889915562
		},
		{
			"dim": "minecraft:the_nether",
			"seed": 7352036041889915562
		},
		{
			"dim": "twilightforest:twilight_forest",
			"seed": 7352036041889915562
		},
		{
			"dim": "minecraft:overworld",
			"seed": 7352036041889915562
		}
	],
	"structure_seeds": [
		{
			"dim": "minecraft:the_end",
			"seed": 7352036041889915562
		},
		{
			"dim": "minecraft:the_nether",
			"seed": 7352036041889915562
		},
		{
			"dim": "twilightforest:twilight_forest",
			"seed": 7352036041889915562
		},
		{
			"dim": "minecraft:overworld",
			"seed": 7352036041889915562
		}
	]
}