{
  "twilightforest:recipes/transportation/twilight_oak_boat": {
    "criteria": {
      "in_water": "2024-05-13 16:09:02 +0000"
    },
    "done": true
  },
  "minecraft:recipes/redstone/lever": {
    "criteria": {
      "has_cobblestone": "2024-05-13 16:20:44 +0000"
    },
    "done": true
  },
  "minecraft:recipes/misc/magenta_dye_from_lilac": {
    "criteria": {
      "has_lilac": "2024-05-13 16:08:33 +0000"
    },
    "done": true
  },
  "minecraft:recipes/decorations/ladder": {
    "criteria": {
      "has_stick": "2024-05-13 16:19:52 +0000"
    },
    "done": true
  },
  "twilightforest:recipes/transportation/time_boat": {
    "criteria": {
      "in_water": "2024-05-13 16:09:02 +0000"
    },
    "done": true
  },
  "connectedglass:recipes/misc/tinted_borderless_glass_red2": {
    "criteria": {
      "recipe_condition2": "2024-05-13 16:11:48 +0000"
    },
    "done": true
  },
  "minecraft:recipes/combat/iron_leggings": {
    "criteria": {
      "has_iron_ingot": "2024-05-13 16:15:00 +0000"
    },
    "done": true
  },
  "connectedglass:recipes/misc/borderless_glass_light_blue_pane2": {
    "criteria": {
      "recipe_condition2": "2024-05-13 16:11:48 +0000"
    },
    "done": true
  },
  "twilightforest:recipes/transportation/mining_boat": {
    "criteria": {
      "in_water": "2024-05-13 16:09:02 +0000"
    },
    "done": true
  },
  "minecraft:story/obtain_armor": {
    "criteria": {
      "iron_leggings": "2024-05-13 16:15:01 +0000"
    },
    "done": true
  },
  "minecraft:recipes/decorations/lime_stained_glass_pane_from_glass_pane": {
    "criteria": {
      "has_lime_dye": "2024-05-13 16:11:49 +0000"
    },
    "done": true
  },
  "connectedglass:recipes/misc/clear_glass_lime_pane2": {
    "criteria": {
      "recipe_condition2": "2024-05-13 16:11:49 +0000"
    },
    "done": true
  },
  "connectedglass:recipes/misc/scratched_glass_gray_pane2": {
    "criteria": {
      "recipe_condition2": "2024-05-13 16:11:52 +0000"
    },
    "done": true
  },
  "connectedglass:recipes/misc/borderless_glass_pink_pane2": {
    "criteria": {
      "recipe_condition2": "2024-05-13 16:11:49 +0000"
    },
    "done": true
  },
  "minecraft:recipes/decorations/orange_candle": {
    "criteria": {
      "has_orange_dye": "2024-05-13 16:11:48 +0000"
    },
    "done": true
  },
  "connectedglass:recipes/misc/borderless_glass_magenta_pane2": {
    "criteria": {
      "recipe_condition2": "2024-05-13 16:11:51 +0000"
    },
    "done": true
  },
  "minecraft:recipes/misc/iron_nugget_from_smelting": {
    "criteria": {
      "has_iron_leggings": "2024-05-13 16:15:01 +0000"
    },
    "done": true
  },
  "minecraft:recipes/building_blocks/dye_light_gray_bed": {
    "criteria": {
      "has_needed_dye": "2024-05-13 16:11:47 +0000"
    },
    "done": true
  },
  "connectedglass:recipes/misc/scratched_glass_green2": {
    "criteria": {
      "recipe_condition2": "2024-05-13 16:11:48 +0000"
    },
    "done": true
  },
  "minecraft:recipes/building_blocks/dye_brown_bed": {
    "criteria": {
      "has_needed_dye": "2024-05-13 16:11:51 +0000"
    },
    "done": true
  },
  "minecraft:recipes/misc/blue_dye": {
    "criteria": {
      "has_lapis_lazuli": "2024-05-13 16:11:52 +0000"
    },
    "done": true
  },
  "minecraft:recipes/food/baked_potato_from_campfire_cooking": {
    "criteria": {
      "has_potato": "2024-05-13 16:09:00 +0000"
    },
    "done": true
  },
  "minecraft:recipes/misc/cyan_dye": {
    "criteria": {
      "has_green_dye": "2024-05-13 16:11:48 +0000"
    },
    "done": true
  },
  "connectedglass:recipes/misc/tinted_borderless_glass_purple2": {
    "criteria": {
      "recipe_condition2": "2024-05-13 16:11:50 +0000"
    },
    "done": true
  },
  "minecraft:recipes/building_blocks/dye_lime_wool": {
    "criteria": {
      "has_needed_dye": "2024-05-13 16:11:49 +0000"
    },
    "done": true
  },
  "minecraft:recipes/combat/iron_chestplate": {
    "criteria": {
      "has_iron_ingot": "2024-05-13 16:15:00 +0000"
    },
    "done": true
  },
  "minecraft:recipes/decorations/oak_sign": {
    "criteria": {
      "has_planks": "2024-05-13 16:14:26 +0000"
    },
    "done": true
  },
  "minecraft:recipes/redstone/oak_trapdoor": {
    "criteria": {
      "has_planks": "2024-05-13 16:14:26 +0000"
    },
    "done": true
  },
  "connectedglass:recipes/misc/scratched_glass_light_blue_pane2": {
    "criteria": {
      "recipe_condition2": "2024-05-13 16:11:48 +0000"
    },
    "done": true
  },
  "connectedglass:recipes/misc/scratched_glass_magenta_pane2": {
    "criteria": {
      "recipe_condition2": "2024-05-13 16:11:51 +0000"
    },
    "done": true
  },
  "connectedglass:recipes/misc/scratched_glass_gray2": {
    "criteria": {
      "recipe_condition2": "2024-05-13 16:11:52 +0000"
    },
    "done": true
  },
  "connectedglass:recipes/misc/scratched_glass_light_gray2": {
    "criteria": {
      "recipe_condition2": "2024-05-13 16:11:47 +0000"
    },
    "done": true
  },
  "minecraft:recipes/combat/stone_sword": {
    "criteria": {
      "has_cobblestone": "2024-05-13 16:20:44 +0000"
    },
    "done": true
  },
  "minecraft:recipes/decorations/cobblestone_wall": {
    "criteria": {
      "has_cobblestone": "2024-05-13 16:20:44 +0000"
    },
    "done": true
  },
  "minecraft:recipes/decorations/purple_stained_glass_pane_from_glass_pane": {
    "criteria": {
      "has_purple_dye": "2024-05-13 16:11:50 +0000"
    },
    "done": true
  },
  "minecraft:recipes/building_blocks/lapis_block": {
    "criteria": {
      "has_lapis_lazuli": "2024-05-13 16:11:52 +0000"
    },
    "done": true
  },
  "connectedglass:recipes/misc/clear_glass_pink_pane2": {
    "criteria": {
      "recipe_condition2": "2024-05-13 16:11:49 +0000"
    },
    "done": true
  },
  "minecraft:recipes/tools/stone_axe": {
    "criteria": {
      "has_cobblestone": "2024-05-13 16:20:44 +0000"
    },
    "done": true
  },
  "connectedglass:recipes/misc/borderless_glass_orange2": {
    "criteria": {
      "recipe_condition2": "2024-05-13 16:11:48 +0000"
    },
    "done": true
  },
  "connectedglass:recipes/misc/tinted_borderless_glass_cyan2": {
    "criteria": {
      "recipe_condition2": "2024-05-13 16:11:51 +0000"
    },
    "done": true
  },
  "biomesoplenty:recipes/transportation/willow_boat": {
    "criteria": {
      "in_water": "2024-05-13 16:09:02 +0000"
    },
    "done": true
  },
  "minecraft:recipes/misc/iron_nugget": {
    "criteria": {
      "has_iron_ingot": "2024-05-13 16:15:00 +0000"
    },
    "done": true
  },
  "connectedglass:recipes/misc/borderless_glass_gray2": {
    "criteria": {
      "recipe_condition2": "2024-05-13 16:11:52 +0000"
    },
    "done": true
  },
  "minecraft:recipes/misc/bucket": {
    "criteria": {
      "has_iron_ingot": "2024-05-13 16:15:00 +0000"
    },
    "done": true
  },
  "minecraft:recipes/combat/iron_helmet": {
    "criteria": {
      "has_iron_ingot": "2024-05-13 16:15:00 +0000"
    },
    "done": true
  },
  "connectedglass:recipes/misc/clear_glass_yellow2": {
    "criteria": {
      "recipe_condition2": "2024-05-13 16:11:48 +0000"
    },
    "done": true
  },
  "minecraft:recipes/building_blocks/dye_magenta_carpet": {
    "criteria": {
      "has_needed_dye": "2024-05-13 16:11:51 +0000"
    },
    "done": true
  },
  "minecraft:story/mine_stone": {
    "criteria": {
      "get_stone": "2024-05-13 16:20:44 +0000"
    },
    "done": true
  },
  "minecraft:recipes/decorations/furnace": {
    "criteria": {
      "has_cobblestone": "2024-05-13 16:20:44 +0000"
    },
    "done": true
  },
  "minecraft:recipes/transportation/minecart": {
    "criteria": {
      "has_iron_ingot": "2024-05-13 16:15:00 +0000"
    },
    "done": true
  },
  "connectedglass:recipes/misc/borderless_glass_black2": {
    "criteria": {
      "recipe_condition2": "2024-05-13 16:11:49 +0000"
    },
    "done": true
  },
  "minecraft:recipes/tools/iron_hoe": {
    "criteria": {
      "has_iron_ingot": "2024-05-13 16:15:00 +0000"
    },
    "done": true
  },
  "minecraft:recipes/building_blocks/dye_orange_carpet": {
    "criteria": {
      "has_needed_dye": "2024-05-13 16:11:48 +0000"
    },
    "done": true
  },
  "minecraft:recipes/food/baked_potato": {
    "criteria": {
      "has_potato": "2024-05-13 16:09:00 +0000"
    },
    "done": true
  },
  "connectedglass:recipes/misc/scratched_glass_cyan_pane2": {
    "criteria": {
      "recipe_condition2": "2024-05-13 16:11:51 +0000"
    },
    "done": true
  },
  "minecraft:recipes/tools/wooden_axe": {
    "criteria": {
      "has_stick": "2024-05-13 16:19:52 +0000"
    },
    "done": true
  },
  "minecraft:recipes/decorations/spruce_sign": {
    "criteria": {
      "has_planks": "2024-05-13 16:14:06 +0000"
    },
    "done": true
  },
  "minecraft:recipes/decorations/purple_candle": {
    "criteria": {
      "has_purple_dye": "2024-05-13 16:11:50 +0000"
    },
    "done": true
  },
  "connectedglass:recipes/misc/tinted_borderless_glass_gray2": {
    "criteria": {
      "recipe_condition2": "2024-05-13 16:11:52 +0000"
    },
    "done": true
  },
  "minecraft:recipes/misc/magenta_dye_from_blue_red_pink": {
    "criteria": {
      "has_red_dye": "2024-05-13 16:11:48 +0000"
    },
    "done": true
  },
  "minecraft:recipes/decorations/yellow_candle": {
    "criteria": {
      "has_yellow_dye": "2024-05-13 16:11:48 +0000"
    },
    "done": true
  },
  "minecraft:recipes/building_blocks/dye_cyan_wool": {
    "criteria": {
      "has_needed_dye": "2024-05-13 16:11:51 +0000"
    },
    "done": true
  },
  "twilightforest:recipes/transportation/mangrove_boat": {
    "criteria": {
      "in_water": "2024-05-13 16:09:02 +0000"
    },
    "done": true
  },
  "minecraft:recipes/decorations/light_gray_stained_glass_pane_from_glass_pane": {
    "criteria": {
      "has_light_gray_dye": "2024-05-13 16:11:47 +0000"
    },
    "done": true
  },
  "connectedglass:recipes/misc/borderless_glass_yellow2": {
    "criteria": {
      "recipe_condition2": "2024-05-13 16:11:48 +0000"
    },
    "done": true
  },
  "minecraft:recipes/decorations/pink_candle": {
    "criteria": {
      "has_pink_dye": "2024-05-13 16:11:49 +0000"
    },
    "done": true
  },
  "minecraft:story/smelt_iron": {
    "criteria": {
      "iron": "2024-05-13 16:15:00 +0000"
    },
    "done": true
  },
  "connectedglass:recipes/misc/scratched_glass_magenta2": {
    "criteria": {
      "recipe_condition2": "2024-05-13 16:11:51 +0000"
    },
    "done": true
  },
  "minecraft:recipes/decorations/crafting_table": {
    "criteria": {
      "unlock_right_away": "2024-05-13 16:04:02 +0000"
    },
    "done": true
  },
  "minecraft:recipes/decorations/chest": {
    "criteria": {
      "has_lots_of_items": "2024-05-13 16:11:48 +0000"
    },
    "done": true
  },
  "minecraft:recipes/tools/shears": {
    "criteria": {
      "has_iron_ingot": "2024-05-13 16:15:00 +0000"
    },
    "done": true
  },
  "minecraft:recipes/misc/stick": {
    "criteria": {
      "has_planks": "2024-05-13 16:14:06 +0000"
    },
    "done": true
  },
  "connectedglass:recipes/misc/tinted_borderless_glass_orange2": {
    "criteria": {
      "recipe_condition2": "2024-05-13 16:11:48 +0000"
    },
    "done": true
  },
  "minecraft:recipes/decorations/lime_candle": {
    "criteria": {
      "has_lime_dye": "2024-05-13 16:11:49 +0000"
    },
    "done": true
  },
  "minecraft:recipes/building_blocks/emerald_block": {
    "criteria": {
      "has_emerald": "2024-05-13 16:15:01 +0000"
    },
    "done": true
  },
  "connectedglass:recipes/misc/borderless_glass_light_blue2": {
    "criteria": {
      "recipe_condition2": "2024-05-13 16:11:48 +0000"
    },
    "done": true
  },
  "connectedglass:recipes/misc/clear_glass_lime2": {
    "criteria": {
      "recipe_condition2": "2024-05-13 16:11:49 +0000"
    },
    "done": true
  },
  "minecraft:recipes/building_blocks/dye_pink_wool": {
    "criteria": {
      "has_needed_dye": "2024-05-13 16:11:49 +0000"
    },
    "done": true
  },
  "minecraft:recipes/building_blocks/dye_pink_bed": {
    "criteria": {
      "has_needed_dye": "2024-05-13 16:11:49 +0000"
    },
    "done": true
  },
  "biomesoplenty:recipes/transportation/fir_boat": {
    "criteria": {
      "in_water": "2024-05-13 16:09:02 +0000"
    },
    "done": true
  },
  "connectedglass:recipes/misc/clear_glass_orange2": {
    "criteria": {
      "recipe_condition2": "2024-05-13 16:11:48 +0000"
    },
    "done": true
  },
  "minecraft:recipes/misc/magenta_dye_from_purple_and_pink": {
    "criteria": {
      "has_pink_dye": "2024-05-13 16:11:49 +0000"
    },
    "done": true
  },
  "twilightforest:recipes/transportation/transformation_boat": {
    "criteria": {
      "in_water": "2024-05-13 16:09:02 +0000"
    },
    "done": true
  },
  "biomesoplenty:biomesoplenty/all_biomes": {
    "criteria": {
      "jade_cliffs": "2024-05-13 16:04:03 +0000",
      "moor": "2024-05-13 16:07:39 +0000"
    },
    "done": false
  },
  "minecraft:recipes/decorations/white_candle": {
    "criteria": {
      "has_white_dye": "2024-05-13 16:11:50 +0000"
    },
    "done": true
  },
  "minecraft:adventure/sleep_in_bed": {
    "criteria": {
      "slept_in_bed": "2024-05-13 16:14:09 +0000"
    },
    "done": true
  },
  "minecraft:recipes/building_blocks/cobblestone_slab_from_cobblestone_stonecutting": {
    "criteria": {
      "has_cobblestone": "2024-05-13 16:20:44 +0000"
    },
    "done": true
  },
  "minecraft:recipes/building_blocks/oak_stairs": {
    "criteria": {
      "has_planks": "2024-05-13 16:14:26 +0000"
    },
    "done": true
  },
  "minecraft:recipes/transportation/cherry_boat": {
    "criteria": {
      "in_water": "2024-05-13 16:09:02 +0000"
    },
    "done": true
  },
  "connectedglass:recipes/misc/scratched_glass_brown2": {
    "criteria": {
      "recipe_condition2": "2024-05-13 16:11:51 +0000"
    },
    "done": true
  },
  "connectedglass:recipes/misc/scratched_glass_orange_pane2": {
    "criteria": {
      "recipe_condition2": "2024-05-13 16:11:48 +0000"
    },
    "done": true
  },
  "connectedglass:recipes/misc/borderless_glass_light_gray_pane2": {
    "criteria": {
      "recipe_condition2": "2024-05-13 16:11:47 +0000"
    },
    "done": true
  },
  "minecraft:recipes/decorations/chain": {
    "criteria": {
      "has_iron_ingot": "2024-05-13 16:15:00 +0000"
    },
    "done": true
  },
  "minecraft:recipes/decorations/oak_fence": {
    "criteria": {
      "has_planks": "2024-05-13 16:14:26 +0000"
    },
    "done": true
  },
  "minecraft:recipes/building_blocks/dye_cyan_bed": {
    "criteria": {
      "has_needed_dye": "2024-05-13 16:11:51 +0000"
    },
    "done": true
  },
  "connectedglass:recipes/misc/borderless_glass_black_pane2": {
    "criteria": {
      "recipe_condition2": "2024-05-13 16:11:49 +0000"
    },
    "done": true
  },
  "biomesoplenty:recipes/transportation/umbran_boat": {
    "criteria": {
      "in_water": "2024-05-13 16:09:02 +0000"
    },
    "done": true
  },
  "minecraft:recipes/building_blocks/dye_yellow_wool": {
    "criteria": {
      "has_needed_dye": "2024-05-13 16:11:48 +0000"
    },
    "done": true
  },
  "connectedglass:recipes/misc/clear_glass_green_pane2": {
    "criteria": {
      "recipe_condition2": "2024-05-13 16:11:48 +0000"
    },
    "done": true
  },
  "minecraft:recipes/building_blocks/iron_block": {
    "criteria": {
      "has_iron_ingot": "2024-05-13 16:15:00 +0000"
    },
    "done": true
  },
  "minecraft:recipes/building_blocks/spruce_wood": {
    "criteria": {
      "has_log": "2024-05-13 16:14:04 +0000"
    },
    "done": true
  },
  "connectedglass:recipes/misc/clear_glass_brown_pane2": {
    "criteria": {
      "recipe_condition2": "2024-05-13 16:11:51 +0000"
    },
    "done": true
  },
  "minecraft:recipes/misc/yellow_dye_from_dandelion": {
    "criteria": {
      "has_dandelion": "2024-05-13 16:10:28 +0000"
    },
    "done": true
  },
  "connectedglass:recipes/misc/scratched_glass_light_blue2": {
    "criteria": {
      "recipe_condition2": "2024-05-13 16:11:48 +0000"
    },
    "done": true
  },
  "connectedglass:recipes/misc/clear_glass_red2": {
    "criteria": {
      "recipe_condition2": "2024-05-13 16:11:48 +0000"
    },
    "done": true
  },
  "connectedglass:recipes/misc/scratched_glass_red_pane2": {
    "criteria": {
      "recipe_condition2": "2024-05-13 16:11:48 +0000"
    },
    "done": true
  },
  "connectedglass:recipes/misc/clear_glass_cyan2": {
    "criteria": {
      "recipe_condition2": "2024-05-13 16:11:51 +0000"
    },
    "done": true
  },
  "minecraft:recipes/misc/bone_meal": {
    "criteria": {
      "has_bone": "2024-05-13 16:17:35 +0000"
    },
    "done": true
  },
  "connectedglass:recipes/misc/clear_glass_light_gray_pane2": {
    "criteria": {
      "recipe_condition2": "2024-05-13 16:11:47 +0000"
    },
    "done": true
  },
  "minecraft:recipes/building_blocks/stone": {
    "criteria": {
      "has_cobblestone": "2024-05-13 16:20:44 +0000"
    },
    "done": true
  },
  "minecraft:recipes/transportation/bamboo_raft": {
    "criteria": {
      "in_water": "2024-05-13 16:09:02 +0000"
    },
    "done": true
  },
  "minecraft:recipes/decorations/smithing_table": {
    "criteria": {
      "has_iron_ingot": "2024-05-13 16:15:00 +0000"
    },
    "done": true
  },
  "minecraft:recipes/building_blocks/dye_red_carpet": {
    "criteria": {
      "has_needed_dye": "2024-05-13 16:11:48 +0000"
    },
    "done": true
  },
  "minecraft:recipes/building_blocks/dye_lime_bed": {
    "criteria": {
      "has_needed_dye": "2024-05-13 16:11:49 +0000"
    },
    "done": true
  },
  "connectedglass:recipes/misc/scratched_glass_pink_pane2": {
    "criteria": {
      "recipe_condition2": "2024-05-13 16:11:49 +0000"
    },
    "done": true
  },
  "minecraft:recipes/decorations/orange_stained_glass_pane_from_glass_pane": {
    "criteria": {
      "has_orange_dye": "2024-05-13 16:11:48 +0000"
    },
    "done": true
  },
  "connectedglass:recipes/misc/borderless_glass_white2": {
    "criteria": {
      "recipe_condition2": "2024-05-13 16:11:50 +0000"
    },
    "done": true
  },
  "minecraft:recipes/decorations/light_blue_stained_glass_pane_from_glass_pane": {
    "criteria": {
      "has_light_blue_dye": "2024-05-13 16:11:48 +0000"
    },
    "done": true
  },
  "connectedglass:recipes/misc/borderless_glass_yellow_pane2": {
    "criteria": {
      "recipe_condition2": "2024-05-13 16:11:48 +0000"
    },
    "done": true
  },
  "minecraft:recipes/building_blocks/dye_green_bed": {
    "criteria": {
      "has_needed_dye": "2024-05-13 16:11:48 +0000"
    },
    "done": true
  },
  "minecraft:recipes/decorations/brown_candle": {
    "criteria": {
      "has_brown_dye": "2024-05-13 16:11:51 +0000"
    },
    "done": true
  },
  "connectedglass:recipes/misc/clear_glass_pink2": {
    "criteria": {
      "recipe_condition2": "2024-05-13 16:11:49 +0000"
    },
    "done": true
  },
  "minecraft:recipes/building_blocks/dye_pink_carpet": {
    "criteria": {
      "has_needed_dye": "2024-05-13 16:11:49 +0000"
    },
    "done": true
  },
  "minecraft:recipes/decorations/magenta_candle": {
    "criteria": {
      "has_magenta_dye": "2024-05-13 16:11:51 +0000"
    },
    "done": true
  },
  "biomesoplenty:recipes/transportation/dead_boat": {
    "criteria": {
      "in_water": "2024-05-13 16:09:02 +0000"
    },
    "done": true
  },
  "minecraft:recipes/transportation/spruce_boat": {
    "criteria": {
      "in_water": "2024-05-13 16:09:02 +0000"
    },
    "done": true
  },
  "minecraft:recipes/building_blocks/dye_white_bed": {
    "criteria": {
      "has_needed_dye": "2024-05-13 16:11:50 +0000"
    },
    "done": true
  },
  "minecraft:recipes/redstone/jungle_button": {
    "criteria": {
      "has_planks": "2024-05-13 16:14:21 +0000"
    },
    "done": true
  },
  "biomesoplenty:recipes/transportation/magic_boat": {
    "criteria": {
      "in_water": "2024-05-13 16:09:02 +0000"
    },
    "done": true
  },
  "connectedglass:recipes/misc/clear_glass_light_gray2": {
    "criteria": {
      "recipe_condition2": "2024-05-13 16:11:47 +0000"
    },
    "done": true
  },
  "minecraft:recipes/building_blocks/dye_lime_carpet": {
    "criteria": {
      "has_needed_dye": "2024-05-13 16:11:49 +0000"
    },
    "done": true
  },
  "minecraft:recipes/decorations/green_stained_glass_pane_from_glass_pane": {
    "criteria": {
      "has_green_dye": "2024-05-13 16:11:48 +0000"
    },
    "done": true
  },
  "connectedglass:recipes/misc/borderless_glass_purple2": {
    "criteria": {
      "recipe_condition2": "2024-05-13 16:11:50 +0000"
    },
    "done": true
  },
  "minecraft:husbandry/root": {
    "criteria": {
      "consumed_item": "2024-05-13 16:10:16 +0000"
    },
    "done": true
  },
  "minecraft:recipes/transportation/birch_boat": {
    "criteria": {
      "in_water": "2024-05-13 16:09:02 +0000"
    },
    "done": true
  },
  "minecraft:recipes/decorations/spruce_fence": {
    "criteria": {
      "has_planks": "2024-05-13 16:14:06 +0000"
    },
    "done": true
  },
  "minecraft:recipes/decorations/pink_stained_glass_pane_from_glass_pane": {
    "criteria": {
      "has_pink_dye": "2024-05-13 16:11:49 +0000"
    },
    "done": true
  },
  "connectedglass:recipes/misc/scratched_glass_light_gray_pane2": {
    "criteria": {
      "recipe_condition2": "2024-05-13 16:11:47 +0000"
    },
    "done": true
  },
  "connectedglass:recipes/misc/borderless_glass_orange_pane2": {
    "criteria": {
      "recipe_condition2": "2024-05-13 16:11:48 +0000"
    },
    "done": true
  },
  "minecraft:recipes/transportation/oak_boat": {
    "criteria": {
      "in_water": "2024-05-13 16:09:02 +0000"
    },
    "done": true
  },
  "connectedglass:recipes/misc/borderless_glass_green2": {
    "criteria": {
      "recipe_condition2": "2024-05-13 16:11:48 +0000"
    },
    "done": true
  },
  "minecraft:recipes/building_blocks/dye_black_carpet": {
    "criteria": {
      "has_needed_dye": "2024-05-13 16:11:49 +0000"
    },
    "done": true
  },
  "biomesoplenty:recipes/transportation/redwood_boat": {
    "criteria": {
      "in_water": "2024-05-13 16:09:02 +0000"
    },
    "done": true
  },
  "connectedglass:recipes/misc/scratched_glass_orange2": {
    "criteria": {
      "recipe_condition2": "2024-05-13 16:11:48 +0000"
    },
    "done": true
  },
  "connectedglass:recipes/misc/borderless_glass_purple_pane2": {
    "criteria": {
      "recipe_condition2": "2024-05-13 16:11:50 +0000"
    },
    "done": true
  },
  "minecraft:recipes/building_blocks/coal_block": {
    "criteria": {
      "has_coal": "2024-05-13 16:21:05 +0000"
    },
    "done": true
  },
  "minecraft:recipes/building_blocks/dye_brown_wool": {
    "criteria": {
      "has_needed_dye": "2024-05-13 16:11:51 +0000"
    },
    "done": true
  },
  "connectedglass:recipes/misc/borderless_glass_brown_pane2": {
    "criteria": {
      "recipe_condition2": "2024-05-13 16:11:51 +0000"
    },
    "done": true
  },
  "minecraft:recipes/building_blocks/spruce_slab": {
    "criteria": {
      "has_planks": "2024-05-13 16:14:06 +0000"
    },
    "done": true
  },
  "cataclysm:root": {
    "criteria": {
      "custom_test_name": "2024-05-13 16:04:02 +0000"
    },
    "done": true
  },
  "minecraft:recipes/decorations/green_candle": {
    "criteria": {
      "has_green_dye": "2024-05-13 16:11:48 +0000"
    },
    "done": true
  },
  "minecraft:recipes/decorations/white_stained_glass_pane_from_glass_pane": {
    "criteria": {
      "has_white_dye": "2024-05-13 16:11:50 +0000"
    },
    "done": true
  },
  "connectedglass:recipes/misc/clear_glass_brown2": {
    "criteria": {
      "recipe_condition2": "2024-05-13 16:11:51 +0000"
    },
    "done": true
  },
  "connectedglass:recipes/misc/borderless_glass_green_pane2": {
    "criteria": {
      "recipe_condition2": "2024-05-13 16:11:48 +0000"
    },
    "done": true
  },
  "connectedglass:recipes/misc/clear_glass_black_pane2": {
    "criteria": {
      "recipe_condition2": "2024-05-13 16:11:49 +0000"
    },
    "done": true
  },
  "minecraft:recipes/redstone/oak_button": {
    "criteria": {
      "has_planks": "2024-05-13 16:14:26 +0000"
    },
    "done": true
  },
  "connectedglass:recipes/misc/tinted_borderless_glass_light_gray2": {
    "criteria": {
      "recipe_condition2": "2024-05-13 16:11:47 +0000"
    },
    "done": true
  },
  "minecraft:recipes/decorations/gray_candle": {
    "criteria": {
      "has_gray_dye": "2024-05-13 16:11:52 +0000"
    },
    "done": true
  },
  "connectedglass:recipes/misc/clear_glass_light_blue_pane2": {
    "criteria": {
      "recipe_condition2": "2024-05-13 16:11:48 +0000"
    },
    "done": true
  },
  "minecraft:recipes/building_blocks/jungle_stairs": {
    "criteria": {
      "has_planks": "2024-05-13 16:14:21 +0000"
    },
    "done": true
  },
  "minecraft:recipes/building_blocks/dye_purple_bed": {
    "criteria": {
      "has_needed_dye": "2024-05-13 16:11:50 +0000"
    },
    "done": true
  },
  "minecraft:recipes/redstone/jungle_fence_gate": {
    "criteria": {
      "has_planks": "2024-05-13 16:14:21 +0000"
    },
    "done": true
  },
  "minecraft:recipes/building_blocks/dye_light_gray_carpet": {
    "criteria": {
      "has_needed_dye": "2024-05-13 16:11:47 +0000"
    },
    "done": true
  },
  "minecraft:recipes/decorations/gray_stained_glass_pane_from_glass_pane": {
    "criteria": {
      "has_gray_dye": "2024-05-13 16:11:52 +0000"
    },
    "done": true
  },
  "connectedglass:recipes/misc/borderless_glass_lime_pane2": {
    "criteria": {
      "recipe_condition2": "2024-05-13 16:11:49 +0000"
    },
    "done": true
  },
  "minecraft:recipes/combat/iron_sword": {
    "criteria": {
      "has_iron_ingot": "2024-05-13 16:15:00 +0000"
    },
    "done": true
  },
  "minecraft:recipes/tools/iron_pickaxe": {
    "criteria": {
      "has_iron_ingot": "2024-05-13 16:15:00 +0000"
    },
    "done": true
  },
  "connectedglass:recipes/misc/scratched_glass_lime2": {
    "criteria": {
      "recipe_condition2": "2024-05-13 16:11:49 +0000"
    },
    "done": true
  },
  "minecraft:recipes/transportation/mangrove_boat": {
    "criteria": {
      "in_water": "2024-05-13 16:09:02 +0000"
    },
    "done": true
  },
  "minecraft:recipes/redstone/spruce_button": {
    "criteria": {
      "has_planks": "2024-05-13 16:14:06 +0000"
    },
    "done": true
  },
  "minecraft:recipes/combat/shield": {
    "criteria": {
      "has_iron_ingot": "2024-05-13 16:15:00 +0000"
    },
    "done": true
  },
  "minecraft:recipes/redstone/hopper": {
    "criteria": {
      "has_iron_ingot": "2024-05-13 16:15:00 +0000"
    },
    "done": true
  },
  "minecraft:recipes/misc/lime_dye": {
    "criteria": {
      "has_green_dye": "2024-05-13 16:11:48 +0000"
    },
    "done": true
  },
  "minecraft:recipes/decorations/iron_bars": {
    "criteria": {
      "has_iron_ingot": "2024-05-13 16:15:00 +0000"
    },
    "done": true
  },
  "minecraft:recipes/building_blocks/dye_purple_wool": {
    "criteria": {
      "has_needed_dye": "2024-05-13 16:11:50 +0000"
    },
    "done": true
  },
  "minecraft:recipes/building_blocks/spruce_planks": {
    "criteria": {
      "has_logs": "2024-05-13 16:14:04 +0000"
    },
    "done": true
  },
  "connectedglass:recipes/misc/borderless_glass_pink2": {
    "criteria": {
      "recipe_condition2": "2024-05-13 16:11:49 +0000"
    },
    "done": true
  },
  "connectedglass:recipes/misc/tinted_borderless_glass_magenta2": {
    "criteria": {
      "recipe_condition2": "2024-05-13 16:11:51 +0000"
    },
    "done": true
  },
  "connectedglass:recipes/misc/scratched_glass_black2": {
    "criteria": {
      "recipe_condition2": "2024-05-13 16:11:49 +0000"
    },
    "done": true
  },
  "minecraft:recipes/misc/light_blue_dye_from_blue_white_dye": {
    "criteria": {
      "has_white_dye": "2024-05-13 16:11:50 +0000"
    },
    "done": true
  },
  "connectedglass:recipes/misc/tinted_borderless_glass_brown2": {
    "criteria": {
      "recipe_condition2": "2024-05-13 16:11:51 +0000"
    },
    "done": true
  },
  "minecraft:recipes/building_blocks/oak_slab": {
    "criteria": {
      "has_planks": "2024-05-13 16:14:26 +0000"
    },
    "done": true
  },
  "connectedglass:recipes/misc/borderless_glass_red_pane2": {
    "criteria": {
      "recipe_condition2": "2024-05-13 16:11:48 +0000"
    },
    "done": true
  },
  "minecraft:recipes/building_blocks/dye_red_bed": {
    "criteria": {
      "has_needed_dye": "2024-05-13 16:11:48 +0000"
    },
    "done": true
  },
  "minecraft:recipes/building_blocks/dye_black_bed": {
    "criteria": {
      "has_needed_dye": "2024-05-13 16:11:49 +0000"
    },
    "done": true
  },
  "minecraft:recipes/decorations/cyan_candle": {
    "criteria": {
      "has_cyan_dye": "2024-05-13 16:11:51 +0000"
    },
    "done": true
  },
  "minecraft:recipes/building_blocks/dye_gray_carpet": {
    "criteria": {
      "has_needed_dye": "2024-05-13 16:11:52 +0000"
    },
    "done": true
  },
  "minecraft:recipes/building_blocks/dye_red_wool": {
    "criteria": {
      "has_needed_dye": "2024-05-13 16:11:48 +0000"
    },
    "done": true
  },
  "minecraft:recipes/combat/iron_boots": {
    "criteria": {
      "has_iron_ingot": "2024-05-13 16:15:00 +0000"
    },
    "done": true
  },
  "minecraft:recipes/redstone/spruce_pressure_plate": {
    "criteria": {
      "has_planks": "2024-05-13 16:14:06 +0000"
    },
    "done": true
  },
  "minecraft:recipes/building_blocks/dye_light_blue_wool": {
    "criteria": {
      "has_needed_dye": "2024-05-13 16:11:48 +0000"
    },
    "done": true
  },
  "biomesoplenty:recipes/transportation/hellbark_boat": {
    "criteria": {
      "in_water": "2024-05-13 16:09:02 +0000"
    },
    "done": true
  },
  "connectedglass:recipes/misc/clear_glass_magenta2": {
    "criteria": {
      "recipe_condition2": "2024-05-13 16:11:51 +0000"
    },
    "done": true
  },
  "minecraft:recipes/building_blocks/dye_light_gray_wool": {
    "criteria": {
      "has_needed_dye": "2024-05-13 16:11:47 +0000"
    },
    "done": true
  },
  "minecraft:recipes/tools/stone_pickaxe": {
    "criteria": {
      "has_cobblestone": "2024-05-13 16:20:44 +0000"
    },
    "done": true
  },
  "minecraft:recipes/misc/purple_dye": {
    "criteria": {
      "has_red_dye": "2024-05-13 16:11:48 +0000"
    },
    "done": true
  },
  "connectedglass:recipes/misc/tinted_borderless_glass_white2": {
    "criteria": {
      "recipe_condition2": "2024-05-13 16:11:50 +0000"
    },
    "done": true
  },
  "connectedglass:recipes/misc/clear_glass_white2": {
    "criteria": {
      "recipe_condition2": "2024-05-13 16:11:50 +0000"
    },
    "done": true
  },
  "minecraft:recipes/misc/light_gray_dye_from_gray_white_dye": {
    "criteria": {
      "has_white_dye": "2024-05-13 16:11:50 +0000"
    },
    "done": true
  },
  "dungeons_arise:wda_root": {
    "criteria": {
      "WDA": "2024-05-13 16:04:02 +0000"
    },
    "done": true
  },
  "minecraft:recipes/decorations/lantern": {
    "criteria": {
      "has_iron_ingot": "2024-05-13 16:15:00 +0000"
    },
    "done": true
  },
  "biomesoplenty:recipes/transportation/jacaranda_boat": {
    "criteria": {
      "in_water": "2024-05-13 16:09:02 +0000"
    },
    "done": true
  },
  "connectedglass:recipes/misc/scratched_glass_white_pane2": {
    "criteria": {
      "recipe_condition2": "2024-05-13 16:11:50 +0000"
    },
    "done": true
  },
  "minecraft:recipes/building_blocks/dye_white_carpet": {
    "criteria": {
      "has_needed_dye": "2024-05-13 16:11:50 +0000"
    },
    "done": true
  },
  "minecraft:recipes/misc/orange_dye_from_red_yellow": {
    "criteria": {
      "has_yellow_dye": "2024-05-13 16:11:48 +0000"
    },
    "done": true
  },
  "minecraft:recipes/building_blocks/dye_orange_bed": {
    "criteria": {
      "has_needed_dye": "2024-05-13 16:11:48 +0000"
    },
    "done": true
  },
  "connectedglass:recipes/misc/clear_glass_cyan_pane2": {
    "criteria": {
      "recipe_condition2": "2024-05-13 16:11:51 +0000"
    },
    "done": true
  },
  "twilightforest:recipes/transportation/canopy_boat": {
    "criteria": {
      "in_water": "2024-05-13 16:09:02 +0000"
    },
    "done": true
  },
  "minecraft:recipes/building_blocks/dye_light_blue_bed": {
    "criteria": {
      "has_needed_dye": "2024-05-13 16:11:48 +0000"
    },
    "done": true
  },
  "minecraft:recipes/decorations/campfire": {
    "criteria": {
      "has_stick": "2024-05-13 16:19:52 +0000"
    },
    "done": true
  },
  "biomesoplenty:recipes/transportation/mahogany_boat": {
    "criteria": {
      "in_water": "2024-05-13 16:09:02 +0000"
    },
    "done": true
  },
  "dungeons_arise:find_abandoned_temple": {
    "criteria": {
      "location0": "2024-05-13 16:13:57 +0000"
    },
    "done": true
  },
  "minecraft:recipes/building_blocks/dye_purple_carpet": {
    "criteria": {
      "has_needed_dye": "2024-05-13 16:11:50 +0000"
    },
    "done": true
  },
  "minecraft:recipes/building_blocks/dye_magenta_bed": {
    "criteria": {
      "has_needed_dye": "2024-05-13 16:11:51 +0000"
    },
    "done": true
  },
  "twilightforest:recipes/transportation/dark_boat": {
    "criteria": {
      "in_water": "2024-05-13 16:09:02 +0000"
    },
    "done": true
  },
  "minecraft:recipes/redstone/jungle_trapdoor": {
    "criteria": {
      "has_planks": "2024-05-13 16:14:21 +0000"
    },
    "done": true
  },
  "minecraft:recipes/tools/wooden_hoe": {
    "criteria": {
      "has_stick": "2024-05-13 16:19:52 +0000"
    },
    "done": true
  },
  "connectedglass:recipes/misc/scratched_glass_purple2": {
    "criteria": {
      "recipe_condition2": "2024-05-13 16:11:50 +0000"
    },
    "done": true
  },
  "connectedglass:recipes/misc/scratched_glass_pink2": {
    "criteria": {
      "recipe_condition2": "2024-05-13 16:11:49 +0000"
    },
    "done": true
  },
  "connectedglass:recipes/misc/borderless_glass_lime2": {
    "criteria": {
      "recipe_condition2": "2024-05-13 16:11:49 +0000"
    },
    "done": true
  },
  "minecraft:recipes/redstone/oak_fence_gate": {
    "criteria": {
      "has_planks": "2024-05-13 16:14:26 +0000"
    },
    "done": true
  },
  "connectedglass:recipes/misc/borderless_glass_red2": {
    "criteria": {
      "recipe_condition2": "2024-05-13 16:11:48 +0000"
    },
    "done": true
  },
  "minecraft:recipes/building_blocks/dye_magenta_wool": {
    "criteria": {
      "has_needed_dye": "2024-05-13 16:11:51 +0000"
    },
    "done": true
  },
  "connectedglass:recipes/misc/tinted_borderless_glass_green2": {
    "criteria": {
      "recipe_condition2": "2024-05-13 16:11:48 +0000"
    },
    "done": true
  },
  "minecraft:recipes/misc/charcoal": {
    "criteria": {
      "has_log": "2024-05-13 16:14:04 +0000"
    },
    "done": true
  },
  "minecraft:recipes/tools/wooden_pickaxe": {
    "criteria": {
      "has_stick": "2024-05-13 16:19:52 +0000"
    },
    "done": true
  },
  "minecraft:recipes/tools/iron_shovel": {
    "criteria": {
      "has_iron_ingot": "2024-05-13 16:15:00 +0000"
    },
    "done": true
  },
  "minecraft:recipes/food/baked_potato_from_smoking": {
    "criteria": {
      "has_potato": "2024-05-13 16:09:00 +0000"
    },
    "done": true
  },
  "minecraft:recipes/decorations/black_stained_glass_pane_from_glass_pane": {
    "criteria": {
      "has_black_dye": "2024-05-13 16:11:49 +0000"
    },
    "done": true
  },
  "minecraft:recipes/decorations/red_candle": {
    "criteria": {
      "has_red_dye": "2024-05-13 16:11:48 +0000"
    },
    "done": true
  },
  "connectedglass:recipes/misc/borderless_glass_magenta2": {
    "criteria": {
      "recipe_condition2": "2024-05-13 16:11:51 +0000"
    },
    "done": true
  },
  "biomesoplenty:recipes/transportation/palm_boat": {
    "criteria": {
      "in_water": "2024-05-13 16:09:02 +0000"
    },
    "done": true
  },
  "connectedglass:recipes/misc/clear_glass_gray2": {
    "criteria": {
      "recipe_condition2": "2024-05-13 16:11:52 +0000"
    },
    "done": true
  },
  "minecraft:recipes/decorations/jungle_sign": {
    "criteria": {
      "has_planks": "2024-05-13 16:14:21 +0000"
    },
    "done": true
  },
  "connectedglass:recipes/misc/tinted_borderless_glass_yellow2": {
    "criteria": {
      "recipe_condition2": "2024-05-13 16:11:48 +0000"
    },
    "done": true
  },
  "connectedglass:recipes/misc/borderless_glass_gray_pane2": {
    "criteria": {
      "recipe_condition2": "2024-05-13 16:11:52 +0000"
    },
    "done": true
  },
  "minecraft:recipes/redstone/oak_pressure_plate": {
    "criteria": {
      "has_planks": "2024-05-13 16:14:26 +0000"
    },
    "done": true
  },
  "biomesoplenty:biomesoplenty/root": {
    "criteria": {
      "jade_cliffs": "2024-05-13 16:04:03 +0000"
    },
    "done": true
  },
  "connectedglass:recipes/misc/clear_glass_white_pane2": {
    "criteria": {
      "recipe_condition2": "2024-05-13 16:11:50 +0000"
    },
    "done": true
  },
  "minecraft:recipes/building_blocks/dye_light_blue_carpet": {
    "criteria": {
      "has_needed_dye": "2024-05-13 16:11:48 +0000"
    },
    "done": true
  },
  "connectedglass:recipes/misc/scratched_glass_red2": {
    "criteria": {
      "recipe_condition2": "2024-05-13 16:11:48 +0000"
    },
    "done": true
  },
  "minecraft:recipes/redstone/oak_door": {
    "criteria": {
      "has_planks": "2024-05-13 16:14:26 +0000"
    },
    "done": true
  },
  "minecraft:recipes/building_blocks/dye_yellow_carpet": {
    "criteria": {
      "has_needed_dye": "2024-05-13 16:11:48 +0000"
    },
    "done": true
  },
  "connectedglass:recipes/misc/borderless_glass_light_gray2": {
    "criteria": {
      "recipe_condition2": "2024-05-13 16:11:47 +0000"
    },
    "done": true
  },
  "connectedglass:recipes/misc/borderless_glass_cyan_pane2": {
    "criteria": {
      "recipe_condition2": "2024-05-13 16:11:51 +0000"
    },
    "done": true
  },
  "minecraft:recipes/transportation/carrot_on_a_stick": {
    "criteria": {
      "has_carrot": "2024-05-13 16:09:02 +0000"
    },
    "done": true
  },
  "minecraft:recipes/redstone/jungle_door": {
    "criteria": {
      "has_planks": "2024-05-13 16:14:21 +0000"
    },
    "done": true
  },
  "connectedglass:recipes/misc/clear_glass_green2": {
    "criteria": {
      "recipe_condition2": "2024-05-13 16:11:48 +0000"
    },
    "done": true
  },
  "minecraft:recipes/redstone/spruce_trapdoor": {
    "criteria": {
      "has_planks": "2024-05-13 16:14:06 +0000"
    },
    "done": true
  },
  "minecraft:recipes/decorations/light_gray_candle": {
    "criteria": {
      "has_light_gray_dye": "2024-05-13 16:11:47 +0000"
    },
    "done": true
  },
  "minecraft:recipes/redstone/spruce_door": {
    "criteria": {
      "has_planks": "2024-05-13 16:14:06 +0000"
    },
    "done": true
  },
  "minecraft:recipes/decorations/yellow_stained_glass_pane_from_glass_pane": {
    "criteria": {
      "has_yellow_dye": "2024-05-13 16:11:48 +0000"
    },
    "done": true
  },
  "minecraft:recipes/building_blocks/dye_orange_wool": {
    "criteria": {
      "has_needed_dye": "2024-05-13 16:11:48 +0000"
    },
    "done": true
  },
  "minecraft:recipes/redstone/spruce_fence_gate": {
    "criteria": {
      "has_planks": "2024-05-13 16:14:06 +0000"
    },
    "done": true
  },
  "connectedglass:recipes/misc/clear_glass_red_pane2": {
    "criteria": {
      "recipe_condition2": "2024-05-13 16:11:48 +0000"
    },
    "done": true
  },
  "connectedglass:recipes/misc/clear_glass_yellow_pane2": {
    "criteria": {
      "recipe_condition2": "2024-05-13 16:11:48 +0000"
    },
    "done": true
  },
  "minecraft:recipes/tools/wooden_shovel": {
    "criteria": {
      "has_stick": "2024-05-13 16:19:52 +0000"
    },
    "done": true
  },
  "connectedglass:recipes/misc/clear_glass_gray_pane2": {
    "criteria": {
      "recipe_condition2": "2024-05-13 16:11:52 +0000"
    },
    "done": true
  },
  "minecraft:recipes/building_blocks/dye_white_wool": {
    "criteria": {
      "has_needed_dye": "2024-05-13 16:11:50 +0000"
    },
    "done": true
  },
  "connectedglass:recipes/misc/scratched_glass_green_pane2": {
    "criteria": {
      "recipe_condition2": "2024-05-13 16:11:48 +0000"
    },
    "done": true
  },
  "minecraft:recipes/building_blocks/cobblestone_slab": {
    "criteria": {
      "has_cobblestone": "2024-05-13 16:20:44 +0000"
    },
    "done": true
  },
  "connectedglass:recipes/misc/scratched_glass_brown_pane2": {
    "criteria": {
      "recipe_condition2": "2024-05-13 16:11:51 +0000"
    },
    "done": true
  },
  "connectedglass:recipes/misc/scratched_glass_purple_pane2": {
    "criteria": {
      "recipe_condition2": "2024-05-13 16:11:50 +0000"
    },
    "done": true
  },
  "connectedglass:recipes/misc/clear_glass_light_blue2": {
    "criteria": {
      "recipe_condition2": "2024-05-13 16:11:48 +0000"
    },
    "done": true
  },
  "minecraft:recipes/building_blocks/dye_brown_carpet": {
    "criteria": {
      "has_needed_dye": "2024-05-13 16:11:51 +0000"
    },
    "done": true
  },
  "connectedglass:recipes/misc/borderless_glass_brown2": {
    "criteria": {
      "recipe_condition2": "2024-05-13 16:11:51 +0000"
    },
    "done": true
  },
  "minecraft:recipes/transportation/acacia_boat": {
    "criteria": {
      "in_water": "2024-05-13 16:09:02 +0000"
    },
    "done": true
  },
  "minecraft:recipes/redstone/iron_trapdoor": {
    "criteria": {
      "has_iron_ingot": "2024-05-13 16:15:00 +0000"
    },
    "done": true
  },
  "minecraft:adventure/root": {
    "criteria": {
      "killed_by_something": "2024-05-13 16:16:16 +0000"
    },
    "done": true
  },
  "minecraft:recipes/decorations/jungle_fence": {
    "criteria": {
      "has_planks": "2024-05-13 16:14:21 +0000"
    },
    "done": true
  },
  "connectedglass:recipes/misc/scratched_glass_lime_pane2": {
    "criteria": {
      "recipe_condition2": "2024-05-13 16:11:49 +0000"
    },
    "done": true
  },
  "minecraft:recipes/decorations/brown_stained_glass_pane_from_glass_pane": {
    "criteria": {
      "has_brown_dye": "2024-05-13 16:11:51 +0000"
    },
    "done": true
  },
  "minecraft:recipes/decorations/red_stained_glass_pane_from_glass_pane": {
    "criteria": {
      "has_red_dye": "2024-05-13 16:11:48 +0000"
    },
    "done": true
  },
  "minecraft:recipes/decorations/magenta_stained_glass_pane_from_glass_pane": {
    "criteria": {
      "has_magenta_dye": "2024-05-13 16:11:51 +0000"
    },
    "done": true
  },
  "minecraft:recipes/misc/pink_dye_from_red_white_dye": {
    "criteria": {
      "has_red_dye": "2024-05-13 16:11:48 +0000"
    },
    "done": true
  },
  "connectedglass:recipes/misc/tinted_borderless_glass_lime2": {
    "criteria": {
      "recipe_condition2": "2024-05-13 16:11:49 +0000"
    },
    "done": true
  },
  "minecraft:recipes/redstone/jungle_pressure_plate": {
    "criteria": {
      "has_planks": "2024-05-13 16:14:21 +0000"
    },
    "done": true
  },
  "minecraft:recipes/decorations/cyan_stained_glass_pane_from_glass_pane": {
    "criteria": {
      "has_cyan_dye": "2024-05-13 16:11:51 +0000"
    },
    "done": true
  },
  "connectedglass:recipes/misc/clear_glass_magenta_pane2": {
    "criteria": {
      "recipe_condition2": "2024-05-13 16:11:51 +0000"
    },
    "done": true
  },
  "connectedglass:recipes/misc/scratched_glass_yellow_pane2": {
    "criteria": {
      "recipe_condition2": "2024-05-13 16:11:48 +0000"
    },
    "done": true
  },
  "minecraft:recipes/combat/wooden_sword": {
    "criteria": {
      "has_stick": "2024-05-13 16:19:52 +0000"
    },
    "done": true
  },
  "connectedglass:recipes/misc/scratched_glass_white2": {
    "criteria": {
      "recipe_condition2": "2024-05-13 16:11:50 +0000"
    },
    "done": true
  },
  "minecraft:recipes/tools/iron_axe": {
    "criteria": {
      "has_iron_ingot": "2024-05-13 16:15:00 +0000"
    },
    "done": true
  },
  "minecraft:recipes/combat/crossbow": {
    "criteria": {
      "has_iron_ingot": "2024-05-13 16:15:00 +0000"
    },
    "done": true
  },
  "connectedglass:recipes/misc/borderless_glass_cyan2": {
    "criteria": {
      "recipe_condition2": "2024-05-13 16:11:51 +0000"
    },
    "done": true
  },
  "minecraft:recipes/misc/iron_nugget_from_blasting": {
    "criteria": {
      "has_iron_leggings": "2024-05-13 16:15:01 +0000"
    },
    "done": true
  },
  "connectedglass:recipes/misc/clear_glass_orange_pane2": {
    "criteria": {
      "recipe_condition2": "2024-05-13 16:11:48 +0000"
    },
    "done": true
  },
  "minecraft:recipes/misc/gray_dye": {
    "criteria": {
      "has_black_dye": "2024-05-13 16:11:49 +0000"
    },
    "done": true
  },
  "minecraft:recipes/building_blocks/dye_cyan_carpet": {
    "criteria": {
      "has_needed_dye": "2024-05-13 16:11:51 +0000"
    },
    "done": true
  },
  "minecraft:recipes/decorations/barrel": {
    "criteria": {
      "has_planks": "2024-05-13 16:14:06 +0000"
    },
    "done": true
  },
  "minecraft:recipes/decorations/cobblestone_wall_from_cobblestone_stonecutting": {
    "criteria": {
      "has_cobblestone": "2024-05-13 16:20:44 +0000"
    },
    "done": true
  },
  "connectedglass:recipes/misc/scratched_glass_yellow2": {
    "criteria": {
      "recipe_condition2": "2024-05-13 16:11:48 +0000"
    },
    "done": true
  },
  "minecraft:recipes/misc/light_gray_dye_from_black_white_dye": {
    "criteria": {
      "has_black_dye": "2024-05-13 16:11:49 +0000"
    },
    "done": true
  },
  "connectedglass:recipes/misc/scratched_glass_black_pane2": {
    "criteria": {
      "recipe_condition2": "2024-05-13 16:11:49 +0000"
    },
    "done": true
  },
  "minecraft:recipes/building_blocks/cobblestone_stairs_from_cobblestone_stonecutting": {
    "criteria": {
      "has_cobblestone": "2024-05-13 16:20:44 +0000"
    },
    "done": true
  },
  "minecraft:husbandry/balanced_diet": {
    "criteria": {
      "carrot": "2024-05-13 16:10:16 +0000"
    },
    "done": false
  },
  "minecraft:recipes/building_blocks/cobblestone_stairs": {
    "criteria": {
      "has_cobblestone": "2024-05-13 16:20:44 +0000"
    },
    "done": true
  },
  "minecraft:recipes/building_blocks/dye_green_carpet": {
    "criteria": {
      "has_needed_dye": "2024-05-13 16:11:48 +0000"
    },
    "done": true
  },
  "minecraft:recipes/building_blocks/dye_yellow_bed": {
    "criteria": {
      "has_needed_dye": "2024-05-13 16:11:48 +0000"
    },
    "done": true
  },
  "minecraft:recipes/building_blocks/dye_gray_wool": {
    "criteria": {
      "has_needed_dye": "2024-05-13 16:11:52 +0000"
    },
    "done": true
  },
  "connectedglass:recipes/misc/clear_glass_black2": {
    "criteria": {
      "recipe_condition2": "2024-05-13 16:11:49 +0000"
    },
    "done": true
  },
  "twilightforest:recipes/transportation/sorting_boat": {
    "criteria": {
      "in_water": "2024-05-13 16:09:02 +0000"
    },
    "done": true
  },
  "minecraft:recipes/misc/magenta_dye_from_blue_red_white_dye": {
    "criteria": {
      "has_rose_red": "2024-05-13 16:11:48 +0000"
    },
    "done": true
  },
  "minecraft:recipes/building_blocks/dye_gray_bed": {
    "criteria": {
      "has_needed_dye": "2024-05-13 16:11:52 +0000"
    },
    "done": true
  },
  "minecraft:recipes/tools/stone_hoe": {
    "criteria": {
      "has_cobblestone": "2024-05-13 16:20:44 +0000"
    },
    "done": true
  },
  "minecraft:recipes/building_blocks/spruce_stairs": {
    "criteria": {
      "has_planks": "2024-05-13 16:14:06 +0000"
    },
    "done": true
  },
  "connectedglass:recipes/misc/tinted_borderless_glass_black2": {
    "criteria": {
      "recipe_condition2": "2024-05-13 16:11:49 +0000"
    },
    "done": true
  },
  "minecraft:recipes/decorations/black_candle": {
    "criteria": {
      "has_black_dye": "2024-05-13 16:11:49 +0000"
    },
    "done": true
  },
  "connectedglass:recipes/misc/scratched_glass_cyan2": {
    "criteria": {
      "recipe_condition2": "2024-05-13 16:11:51 +0000"
    },
    "done": true
  },
  "minecraft:recipes/tools/stone_shovel": {
    "criteria": {
      "has_cobblestone": "2024-05-13 16:20:44 +0000"
    },
    "done": true
  },
  "dungeons_arise:find_monasteries": {
    "criteria": {
      "location0": "2024-05-13 16:08:28 +0000"
    },
    "done": true
  },
  "connectedglass:recipes/misc/tinted_borderless_glass_light_blue2": {
    "criteria": {
      "recipe_condition2": "2024-05-13 16:11:48 +0000"
    },
    "done": true
  },
  "minecraft:story/root": {
    "criteria": {
      "crafting_table": "2024-05-13 16:14:42 +0000"
    },
    "done": true
  },
  "connectedglass:recipes/misc/clear_glass_purple2": {
    "criteria": {
      "recipe_condition2": "2024-05-13 16:11:50 +0000"
    },
    "done": true
  },
  "minecraft:recipes/building_blocks/dye_black_wool": {
    "criteria": {
      "has_needed_dye": "2024-05-13 16:11:49 +0000"
    },
    "done": true
  },
  "minecraft:recipes/building_blocks/dye_green_wool": {
    "criteria": {
      "has_needed_dye": "2024-05-13 16:11:48 +0000"
    },
    "done": true
  },
  "minecraft:recipes/building_blocks/jungle_slab": {
    "criteria": {
      "has_planks": "2024-05-13 16:14:21 +0000"
    },
    "done": true
  },
  "minecraft:recipes/decorations/light_blue_candle": {
    "criteria": {
      "has_light_blue_dye": "2024-05-13 16:11:48 +0000"
    },
    "done": true
  },
  "minecraft:recipes/redstone/iron_door": {
    "criteria": {
      "has_iron_ingot": "2024-05-13 16:15:00 +0000"
    },
    "done": true
  },
  "connectedglass:recipes/misc/clear_glass_purple_pane2": {
    "criteria": {
      "recipe_condition2": "2024-05-13 16:11:50 +0000"
    },
    "done": true
  },
  "connectedglass:recipes/misc/borderless_glass_white_pane2": {
    "criteria": {
      "recipe_condition2": "2024-05-13 16:11:50 +0000"
    },
    "done": true
  },
  "minecraft:recipes/transportation/jungle_boat": {
    "criteria": {
      "in_water": "2024-05-13 16:09:02 +0000"
    },
    "done": true
  },
  "minecraft:recipes/redstone/heavy_weighted_pressure_plate": {
    "criteria": {
      "has_iron_ingot": "2024-05-13 16:15:00 +0000"
    },
    "done": true
  },
  "minecraft:recipes/transportation/dark_oak_boat": {
    "criteria": {
      "in_water": "2024-05-13 16:09:02 +0000"
    },
    "done": true
  },
  "connectedglass:recipes/misc/tinted_borderless_glass_pink2": {
    "criteria": {
      "recipe_condition2": "2024-05-13 16:11:49 +0000"
    },
    "done": true
  },
  "DataVersion": 3465
}